environment,seed,learner,representation_dim,active_representation_dim,task_probe_clean_accuracy,task_probe_noisy_accuracy,task_probe_degradation,task_variable_clean_recoverability,task_variable_noisy_recoverability,relevant_Z_clean_recoverability,relevant_Z_noisy_recoverability,nuisance_clean_recoverability,nuisance_noisy_recoverability,latent_absolute_drift,latent_relative_drift,latent_cosine_drift,task_logit_drift,support_clean_nn_distance,support_noisy_nn_distance,support_shift,interaction_probe_clean_accuracy,interaction_probe_noisy_accuracy,interaction_clean_uplift,interaction_noisy_uplift
ENV-1,610101,L0,8,8,1.0,1.0,0.0,1.0,1.0,nan,nan,0.9999949481846899,0.996288149895119,0.136400845512987,0.04910565698283226,0.0011035606002164694,0.003047583674723974,0.7992147321292048,0.8085263885833202,0.009311656454115358,1.0,1.0,0.0,0.0
ENV-1,610101,L1,8,8,0.74,0.7366666666666667,0.0033333333333332993,0.7518143972885353,0.7497789566755083,nan,nan,0.5300438704924119,0.5256855032122708,0.20280334210559428,0.07656649189880892,0.0028617961252554204,0.054851170161619195,0.7180532758765164,0.7380521565758453,0.01999888069932898,0.94,0.94,0.19999999999999996,0.20333333333333325
ENV-1,610101,L2,8,8,0.84,0.8433333333333333,-0.0033333333333332993,0.9791666666666666,0.9826388888888888,nan,nan,0.9374707417813077,0.9236689699983152,0.17746606304220372,0.06545919522532502,0.002116289475193635,0.04214381833816722,0.5912451484671947,0.6039756465105587,0.012730498043364014,1.0,0.9866666666666667,0.16000000000000003,0.14333333333333342
ENV-1,610101,L3,8,8,0.74,0.7266666666666666,0.01333333333333342,0.7028901414677277,0.7070101434325573,nan,nan,0.5096152915115679,0.5062411185717755,0.20193578883496952,0.07694274181003213,0.0028701190677261346,0.0535312437666896,0.6952283682828204,0.7179731806467661,0.022744812363945655,0.95,0.9333333333333335,0.20999999999999996,0.2066666666666669
ENV-1,610101,L4,8,8,0.75,0.7266666666666666,0.023333333333333428,0.8263796787503684,0.7906781117988015,nan,nan,0.5202396790005919,0.5162091009280001,0.20044699936368982,0.07674616541932196,0.0029565781909953793,0.051636853779792824,0.7050882656615935,0.7255936432713733,0.020505377609779774,0.94,0.92,0.18999999999999995,0.19333333333333347
ENV-1,610103,L0,8,8,1.0,1.0,0.0,1.0,1.0,nan,nan,0.9999949708933136,0.9972932019595946,0.13394727981063848,0.04760125579132903,0.0010692070753905592,0.001513974598652229,0.8446795957139808,0.8552421597038119,0.01056256398983113,1.0,1.0,0.0,0.0
ENV-1,610103,L1,8,8,0.6732673267326733,0.6765676567656765,-0.0033003300330032292,0.6633061633061633,0.6900352733686067,nan,nan,0.5768830593411447,0.5795292051557689,0.1868314984108277,0.07580393142742187,0.002895002820501756,0.04568779792285957,0.7668776212671191,0.7781641606457385,0.011286539378619342,0.7722772277227723,0.7689768976897691,0.09900990099009899,0.09240924092409253
ENV-1,610103,L2,8,8,0.7920792079207921,0.8052805280528054,-0.01320132013201325,0.8044115544115544,0.8124314790981457,nan,nan,0.8178073434882451,0.8188985420437394,0.15762513397202216,0.058452278199798126,0.0016018696936611334,0.05625390283820656,0.660976816303592,0.680077310289859,0.01910049398626701,0.8910891089108911,0.8976897689768978,0.09900990099009899,0.09240924092409242
ENV-1,610103,L3,8,8,0.693069306930693,0.6897689768976898,0.0033003300330032292,0.7019162019162021,0.7027146193812861,nan,nan,0.5806660888597277,0.5838374658047675,0.18512500011089442,0.07541578145735751,0.0029001839688507776,0.04430270035234827,0.7770493037139858,0.7871133283529685,0.010064024638982705,0.7821782178217822,0.7755775577557756,0.08910891089108919,0.08580858085808585
ENV-1,610103,L4,8,8,0.6534653465346535,0.6435643564356436,0.00990099009900991,0.6571929071929071,0.659397492730826,nan,nan,0.6759910694899405,0.676265830888717,0.18383374666407695,0.07520595868127708,0.0028268582702444174,0.04302073857805768,0.7701497945657722,0.7837124595112265,0.013562664945454328,0.7821782178217822,0.8052805280528054,0.12871287128712872,0.16171617161716179
ENV-1,610107,L0,8,8,1.0,1.0,0.0,1.0,1.0,nan,nan,0.999994875340811,0.9967635671448911,0.13590662542468915,0.048106160456539974,0.0010803545810914065,0.003064953449059994,0.9058151119436721,0.9204632683243966,0.014648156380724475,1.0,1.0,0.0,0.0
ENV-1,610107,L1,8,8,0.6020408163265306,0.6020408163265306,0.0,0.6437908496732025,0.6540305010893245,nan,nan,0.6255198051593187,0.6181728192464873,0.19176911494879925,0.07687341739488888,0.0031068498348646085,0.05896532333860952,0.7307469107505024,0.7420543140728372,0.01130740332233482,0.7857142857142857,0.7823129251700681,0.18367346938775508,0.1802721088435375
ENV-1,610107,L2,8,8,0.5714285714285714,0.5850340136054423,-0.013605442176870874,0.7830065359477124,0.7793028322440086,nan,nan,0.9297366824521871,0.9264234135256656,0.1557538171906477,0.05682287501680269,0.0014679700447431396,0.029962508298258517,0.5481099387889837,0.5633415569458838,0.015231618156900106,0.8877551020408163,0.8775510204081632,0.3163265306122449,0.29251700680272097
ENV-1,610107,L3,8,8,0.6020408163265306,0.608843537414966,-0.006802721088435382,0.6339869281045751,0.6503267973856208,nan,nan,0.6230149563546931,0.6161541451387366,0.19217009230856938,0.07723930004509266,0.0030891183231697115,0.05831376804518007,0.7383982351939518,0.7484017975614359,0.01000356236748412,0.7551020408163265,0.7755102040816326,0.15306122448979587,0.16666666666666663
ENV-1,610107,L4,8,8,0.6122448979591837,0.6292517006802721,-0.017006802721088454,0.6784313725490195,0.69281045751634,nan,nan,0.62247404757681,0.6163867327461019,0.19174483828768288,0.07578583019590222,0.0027595978525724097,0.05530056726360564,0.7147301411487976,0.7241812329459495,0.009451091797151867,0.7857142857142857,0.7721088435374149,0.173469387755102,0.1428571428571428
ENV-2,610101,L0,8,8,1.0,1.0,0.0,1.0,1.0,nan,nan,0.5017169539573865,0.5015692313758588,0.13743608202834467,0.049269879533441335,0.0011447638354427014,0.07940695683767539,0.00011999419274235442,0.13682488231951653,0.13670488812677417,1.0,1.0,0.0,0.0
ENV-2,610101,L1,8,8,1.0,0.996101364522417,0.003898635477582957,1.0,1.0,nan,nan,0.6757902441038701,0.6997434271819286,0.1375448082073659,0.05364190626844952,0.0013564245674743119,0.08859729032650059,0.08146663008344307,0.1635585029145933,0.08209187283115024,1.0,1.0,0.0,0.003898635477582957
ENV-2,610101,L2,8,8,0.9883040935672515,0.98635477582846,0.0019493177387914784,1.0,0.99822695035461,nan,nan,0.930022196728215,0.9271697241250383,0.15778360086122079,0.05880185021670863,0.0017229400131112528,0.08538128600933315,0.11209792478223402,0.20851540318987608,0.09641747840764206,1.0,1.0,0.011695906432748537,0.013645224171540016
ENV-2,610101,L3,8,8,1.0,0.996101364522417,0.003898635477582957,1.0,1.0,nan,nan,0.685631626557375,0.6848067654078743,0.1391900838895181,0.05360599180968498,0.001339386687330633,0.08868889745146964,0.08391508724297242,0.16726532398458624,0.08335023674161382,1.0,1.0,0.0,0.003898635477582957
ENV-2,610101,L4,8,8,0.9824561403508771,0.9883040935672515,-0.005847953216374324,1.0,1.0,nan,nan,0.7165081716630928,0.7039677835926075,0.13909055648862792,0.05409934168991193,0.0013631901494605702,0.08866350459379528,0.08348939545537386,0.16553657253149393,0.08204717707612007,1.0,1.0,0.01754385964912286,0.011695906432748537
ENV-2,610103,L0,8,8,1.0,1.0,0.0,1.0,1.0,nan,nan,0.45089806101252705,0.4513480994060682,0.13518894415681426,0.049409211735692855,0.0011438454381104174,0.07664203708743543,0.00018446363841042657,0.1338563275407962,0.13367186390238578,1.0,1.0,0.0,0.0
ENV-2,610103,L1,8,8,1.0,1.0,0.0,1.0,1.0,nan,nan,0.7399179650830262,0.739040320213521,0.14751100570590925,0.06122489987841709,0.0019433453159442054,0.09159262840798128,0.05261771997941029,0.1486553810235329,0.09603766104412262,1.0,1.0,0.0,0.0
ENV-2,610103,L2,8,8,0.9766081871345029,0.9766081871345028,1.1102230246251565e-16,1.0,1.0,nan,nan,0.8719076748486192,0.868658423206957,0.1402620822688501,0.056523827784019064,0.0016095273753613372,0.07588142858283725,0.0717641324359597,0.16016498717253322,0.08840085473657353,1.0,1.0,0.023391812865497075,0.023391812865497186
ENV-2,610103,L3,8,8,1.0,1.0,0.0,1.0,1.0,nan,nan,0.7069419940479034,0.7033302855920327,0.1615511123093133,0.06358806679024571,0.0020015001278188486,0.08798942484929373,0.05820599316161754,0.160978092733621,0.10277209957200345,1.0,1.0,0.0,0.0
ENV-2,610103,L4,8,8,1.0,1.0,0.0,1.0,1.0,nan,nan,0.7064863140386826,0.7008778356614583,0.14603029234995277,0.05940415253129968,0.0018235664246092275,0.09016234658924283,0.04927006278792681,0.14499780919537067,0.09572774640744386,1.0,1.0,0.0,0.0
ENV-2,610107,L0,8,8,1.0,1.0,0.0,1.0,1.0,nan,nan,0.4927446427098173,0.4928547840914315,0.13768959816783718,0.04995393480807634,0.0011784186140779375,0.07860848061196889,0.00010782127678226278,0.1372180339810055,0.13711021270422322,1.0,1.0,0.0,0.0
ENV-2,610107,L1,8,8,0.9649122807017544,0.9610136452241717,0.0038986354775827348,1.0,1.0,nan,nan,0.5027624700208561,0.5021491936007119,0.14015591249815554,0.058058856774422185,0.0015571663290119163,0.08444064923020002,0.06194873072584871,0.14913706689254527,0.08718833616669656,1.0,1.0,0.03508771929824561,0.03898635477582835
ENV-2,610107,L2,8,8,0.9824561403508771,0.9844054580896686,-0.0019493177387914784,1.0,1.0,nan,nan,0.8671337918244157,0.8668142618542776,0.151354655136387,0.058457704082012174,0.0016898610495568534,0.08828813695895248,0.06449542188939099,0.17169712581169874,0.10720170392230775,1.0,1.0,0.01754385964912286,0.015594541910331383
ENV-2,610107,L3,8,8,0.9766081871345029,0.9766081871345028,1.1102230246251565e-16,0.9873397435897436,0.9894764957264958,nan,nan,0.5154177529232685,0.5240132216024939,0.14888825471234554,0.06063003521958476,0.001760274847253093,0.08602109396489878,0.0716307746790188,0.1612178901846628,0.089587115505644,0.9941520467836257,0.9941520467836257,0.01754385964912275,0.01754385964912286
ENV-2,610107,L4,8,8,0.9824561403508771,0.9805068226120858,0.0019493177387913674,0.9935897435897436,0.9957264957264957,nan,nan,0.5419279163640045,0.5465447693058516,0.14933855500354845,0.06086343143789175,0.0017404755423811112,0.08865870684853772,0.0771744145522519,0.1670232771730457,0.08984886262079379,1.0,1.0,0.01754385964912286,0.01949317738791423
ENV-3,610101,L0,6,4,0.9307692307692308,0.9435897435897435,-0.012820512820512664,0.9999976017871819,0.9960176172889039,1.0,1.0,0.9999977097274996,0.9967816295572499,0.1297042586256241,0.07122152758972572,0.00248625676752447,0.18720512422856947,0.4695511881849281,0.48045832333853955,0.010907135153611469,0.9538461538461539,0.9692307692307692,0.023076923076923106,0.025641025641025772
ENV-3,610101,L1,8,8,0.7923076923076923,0.7974358974358976,-0.005128205128205332,0.892335277734613,0.888202650479712,1.0,1.0,0.9524974593566804,0.9442095429807598,0.18008055030164047,0.08591571906800477,0.003970981532984831,0.0827845518714597,0.43577429177699023,0.4555397644154242,0.01976547263843398,0.9615384615384616,0.9512820512820511,0.1692307692307693,0.15384615384615352
ENV-3,610101,L2,8,8,0.8,0.8076923076923078,-0.007692307692307776,0.9870786809622805,0.9802004863035416,1.0,1.0,0.9911656642302565,0.9883949043595598,0.1841182874069601,0.07385711385276733,0.002769998936620012,0.09990655470655245,0.5590659559391535,0.5723649352842376,0.013298979345084061,0.9769230769230769,0.9641025641025641,0.17692307692307685,0.1564102564102563
ENV-3,610101,L3,8,8,0.7923076923076923,0.7974358974358974,-0.00512820512820511,0.8921639978823134,0.8879513684871947,1.0,1.0,0.9509376851814615,0.9426443224253321,0.18023196584112514,0.08596378234286456,0.003973026053338069,0.08377922290666118,0.43636594821792524,0.4561148639566537,0.019748915738728445,0.9615384615384616,0.9538461538461539,0.1692307692307693,0.15641025641025652
ENV-3,610101,L4,8,8,0.7846153846153846,0.7974358974358974,-0.012820512820512775,0.9084369444103549,0.9022894808878867,1.0,1.0,0.9267170453803759,0.9167435954006159,0.1902855273975448,0.08936908529649971,0.004256621381493877,0.08273015717113914,0.4555584609968273,0.47979711293981714,0.024238651942989853,0.9538461538461539,0.9307692307692307,0.1692307692307693,0.1333333333333333
ENV-3,610103,L0,6,4,0.98125,0.975,0.006249999999999978,0.9999975416522691,0.9970643857603685,1.0,1.0,0.9999976157289054,0.9957289439084152,0.12000763429767587,0.06249331548017243,0.0017394582628054535,0.20814947902755251,0.5621468799927927,0.5589608078037017,-0.0031860721890909494,0.96875,0.9770833333333333,-0.012499999999999956,0.002083333333333326
ENV-3,610103,L1,8,8,0.85625,0.8104166666666668,0.04583333333333317,0.7033029175375201,0.6927270193551094,1.0,1.0,0.8987101480356754,0.8906192470219215,0.25947120584851496,0.10069773207628623,0.005077391168447742,0.06820133779725517,0.6124167064804745,0.6415679005704961,0.029151194090021537,0.9,0.8562499999999998,0.04375000000000007,0.04583333333333306
ENV-3,610103,L2,8,8,0.60625,0.6354166666666666,-0.029166666666666674,0.991857672892738,0.9879893112730465,1.0,1.0,0.96894451614704,0.9628339683430815,0.17996052237945662,0.0675384766479288,0.002171551315286796,0.061117453257590465,0.478451343825874,0.4919901507679832,0.013538806942109183,0.9875,0.9708333333333332,0.3812500000000001,0.3354166666666666
ENV-3,610103,L3,8,8,0.875,0.8625000000000002,0.012499999999999845,0.776236539963371,0.7683767152386456,1.0,1.0,0.9251368218340763,0.9175525621819652,0.2593291500181527,0.10321649388445898,0.005593799627968875,0.07710517619037491,0.6294586357862745,0.6566493324139339,0.027190696627659383,0.93125,0.9208333333333333,0.05625000000000002,0.058333333333333126
ENV-3,610103,L4,8,8,0.73125,0.725,0.006249999999999978,0.8015121147250851,0.7935011238087629,1.0,1.0,0.9179046183727989,0.9071935423401779,0.2657003836015857,0.10287961752790985,0.005152499164002135,0.07369853321599897,0.6564368035935598,0.6832298106256781,0.026793007032118288,0.96875,0.9562500000000002,0.23750000000000004,0.23125000000000018
ENV-3,610107,L0,6,4,0.8636363636363636,0.8181818181818182,0.045454545454545414,0.9999975719831163,0.994666830305138,1.0,1.0,0.999997842909584,0.9974611897856106,0.1279356280205566,0.07362915875579107,0.00276640222743149,0.2400192438635839,0.4042781576058126,0.4106628164757115,0.006384658869898918,0.7727272727272727,0.790909090909091,-0.09090909090909094,-0.027272727272727226
ENV-3,610107,L1,8,8,0.5454545454545454,0.5333333333333333,0.012121212121212088,0.9186608079410439,0.9103216834164494,1.0,1.0,0.894943569291295,0.8939468801034701,0.20977436584754172,0.08831806691154659,0.004024782111654385,0.11691616963813499,0.4669871632401094,0.49191876800940687,0.024931604769297455,0.8454545454545455,0.7848484848484848,0.30000000000000004,0.25151515151515147
ENV-3,610107,L2,8,8,0.7636363636363637,0.7181818181818183,0.045454545454545414,0.9879295975726441,0.9808836011497524,1.0,1.0,0.9893153453322563,0.9848111072264064,0.15432426448732767,0.06269719598280125,0.0019793659064739682,0.11869468037987659,0.36228141755129933,0.388173500959668,0.025892083408368682,0.8,0.793939393939394,0.036363636363636376,0.07575757575757569
ENV-3,610107,L3,8,8,0.5454545454545454,0.5424242424242424,0.00303030303030305,0.9191624916653145,0.9106919068546561,1.0,1.0,0.8950159609822674,0.8939658384582724,0.20915867191759174,0.08799317454172688,0.0040011143501541046,0.11563094183145343,0.46546332423091635,0.49105435318820173,0.025591028957285378,0.8454545454545455,0.7999999999999999,0.30000000000000004,0.25757575757575757
ENV-3,610107,L4,8,8,0.509090909090909,0.5181818181818181,-0.009090909090909038,0.9402334878541105,0.9303928122437906,0.9833333333333334,0.9777777777777779,0.8758938929362557,0.8719980209835195,0.21375094141876164,0.09570057508561175,0.004815507184524711,0.11013857569567494,0.4668678828215073,0.49393626139320207,0.02706837857169475,0.7454545454545455,0.7393939393939393,0.23636363636363644,0.2212121212121212
ENV-4,610101,L0,8,8,0.9777777777777777,0.9703703703703703,0.007407407407407418,1.0,1.0,nan,nan,0.9999990566136719,0.997857390643551,0.1666354627467073,0.048624919079259206,0.0010489851661439889,0.09314177742291825,1.2633664378994058,1.2791892987831337,0.015822860883727863,1.0,1.0,0.022222222222222254,0.029629629629629672
ENV-4,610101,L1,8,8,0.9777777777777777,0.9759259259259259,0.0018518518518518823,0.9861111111111112,0.9837962962962963,nan,nan,0.5413894558086473,0.5375195106577381,0.17301790425793717,0.07371186346376772,0.002488018248825375,0.09580357275066563,0.7474759197870112,0.7575898172760177,0.010113897489006485,0.9833333333333333,0.9833333333333333,0.005555555555555536,0.007407407407407418
ENV-4,610101,L2,8,8,0.7833333333333333,0.7888888888888889,-0.005555555555555536,0.9001984126984127,0.892526455026455,nan,nan,0.8515131494907626,0.84421768133699,0.15610969299164232,0.061186029320052106,0.001973099633815099,0.08731186582548067,0.745551630858864,0.7583096880897432,0.012758057230879194,0.8722222222222222,0.8814814814814814,0.0888888888888889,0.09259259259259256
ENV-4,610101,L3,8,8,0.9777777777777777,0.974074074074074,0.0037037037037037646,0.9861111111111112,0.9837962962962963,nan,nan,0.5290303699391005,0.5324759515645523,0.172598049666568,0.07337576414038276,0.002492553324617253,0.09545032929598973,0.7541178420006076,0.7634807065168463,0.00936286451623869,0.9833333333333333,0.9833333333333333,0.005555555555555536,0.0092592592592593
ENV-4,610101,L4,8,8,0.9611111111111111,0.9481481481481481,0.012962962962963065,0.962083973374296,0.9561849291688002,nan,nan,0.5253217239994119,0.5260379349934902,0.17459647598940684,0.07388988457157625,0.0025676259713189467,0.09858667683167115,0.7460974200852453,0.7558196744787926,0.009722254393547347,0.9777777777777777,0.9759259259259259,0.016666666666666607,0.02777777777777779
ENV-4,610103,L0,8,8,0.9888888888888889,0.987037037037037,0.0018518518518518823,1.0,1.0,nan,nan,0.9999990573463576,0.997935701119599,0.16153940990237592,0.04825822845945252,0.0010486236781104,0.08995114697131969,1.2509737109219583,1.261481964604133,0.010508253682174784,1.0,1.0,0.011111111111111072,0.012962962962962954
ENV-4,610103,L1,8,8,0.8111111111111111,0.8148148148148149,-0.0037037037037037646,0.8577410130718954,0.8494689542483661,nan,nan,0.5352581686266636,0.5344339271033293,0.16600064849093463,0.076639087713195,0.0034002412446198275,0.09305074037381428,0.7155812260093367,0.7259717443117092,0.010390518302372476,0.8666666666666667,0.8759259259259259,0.05555555555555558,0.061111111111111005
ENV-4,610103,L2,8,8,0.8888888888888888,0.887037037037037,0.0018518518518518823,0.9647671568627452,0.9469294662309368,nan,nan,0.6376715679898417,0.6351549096132267,0.1437875126908705,0.061663851262019155,0.002137709263117357,0.0779441430767719,0.6846564180017803,0.6991830087595714,0.014526590757791058,0.9055555555555556,0.9018518518518519,0.01666666666666672,0.014814814814814947
ENV-4,610103,L3,8,8,0.8222222222222222,0.8203703703703704,0.0018518518518517713,0.8512050653594772,0.8516476034858389,nan,nan,0.5341584282135575,0.532991005707398,0.1661509081980001,0.07675902463054324,0.003370970841560735,0.09300442147479661,0.7156307571582493,0.7258371684500279,0.010206411291778572,0.8777777777777778,0.8814814814814814,0.05555555555555558,0.061111111111111005
ENV-4,610103,L4,8,8,0.8222222222222222,0.8240740740740741,-0.0018518518518518823,0.8629493464052288,0.8708322859058152,nan,nan,0.52625591700582,0.5241940974009276,0.1707845418209458,0.0781580281306241,0.003414056425102542,0.09074652746673069,0.7271870945630593,0.7358996283332315,0.008712533770172226,0.8777777777777778,0.8796296296296297,0.05555555555555558,0.05555555555555558
ENV-4,610107,L0,8,8,0.9944444444444445,0.9888888888888889,0.005555555555555536,1.0,1.0,nan,nan,0.9999990508864007,0.9976958836365556,0.16282293366868625,0.04891609255372766,0.0010901869876706362,0.09280047849599683,1.1258916643451202,1.1293297306613104,0.003438066316190147,1.0,1.0,0.005555555555555536,0.011111111111111072
ENV-4,610107,L1,8,8,0.9833333333333333,0.9759259259259259,0.007407407407407418,0.9822775263951735,0.980643539467069,nan,nan,0.32230374817279744,0.3207719435278486,0.15094945720968433,0.06579092455325003,0.0021517162285283283,0.11376022324135952,0.467253741577267,0.4801312631219899,0.01287752154472288,0.9611111111111111,0.9611111111111111,-0.022222222222222143,-0.014814814814814725
ENV-4,610107,L2,8,8,1.0,1.0,0.0,1.0,1.0,nan,nan,0.6962313253948101,0.6877284781818958,0.16371671453847128,0.06497370754640995,0.0021451809634571773,0.09243671504816914,0.6566331708671561,0.6721611245033688,0.015527953636212732,1.0,0.9981481481481481,0.0,-0.0018518518518518823
ENV-4,610107,L3,8,8,0.9833333333333333,0.9777777777777777,0.005555555555555536,0.9822775263951735,0.980643539467069,nan,nan,0.30285293720803286,0.304189764321723,0.1514979540950752,0.06591605092576246,0.0021459082346917766,0.11347342735389594,0.4714817627448857,0.4850215471565047,0.013539784411619016,0.9555555555555556,0.9611111111111111,-0.02777777777777768,-0.016666666666666607
ENV-4,610107,L4,8,8,0.9722222222222222,0.9703703703703703,0.0018518518518518823,0.9758672699849171,0.9785067873303168,nan,nan,0.29615081559067785,0.29313099703123136,0.15546271934881112,0.0674688366524046,0.0022626427365154246,0.11488174943374747,0.46173360330053226,0.47627746942337296,0.014543866122840698,0.9555555555555556,0.9592592592592593,-0.016666666666666607,-0.011111111111111072
