learner,environment,seed,R_clean,R_noisy,DeltaR_noise,E_noise,DeltaR_clean_vs_L0,cell_clean_guard_exceeds_0_02,cell_noise_practical_win_lt_minus_0_01,cell_noise_worse_gt_0
L1,ENV-1,124586,0.14634146341463414,0.15853658536585366,0.012195121951219523,0.012195121951219523,0.14634146341463414,True,False,True
L2,ENV-1,124586,0.23170731707317074,0.23170731707317072,-2.7755575615628914e-17,-2.7755575615628914e-17,0.23170731707317074,True,False,False
L3,ENV-1,124586,0.17073170731707318,0.1676829268292683,-0.0030487804878048808,-0.0030487804878048808,0.17073170731707318,True,False,False
L4,ENV-1,124586,0.2073170731707317,0.20731707317073172,2.7755575615628914e-17,2.7755575615628914e-17,0.2073170731707317,True,False,True
L1,ENV-1,223691,0.34285714285714286,0.3333333333333333,-0.009523809523809545,-0.009523809523809545,0.34285714285714286,True,False,False
L2,ENV-1,223691,0.21904761904761905,0.23095238095238096,0.011904761904761918,0.011904761904761918,0.21904761904761905,True,False,True
L3,ENV-1,223691,0.3142857142857143,0.3238095238095238,0.009523809523809545,0.009523809523809545,0.3142857142857143,True,False,True
L4,ENV-1,223691,0.38095238095238093,0.39285714285714285,0.011904761904761918,0.011904761904761918,0.38095238095238093,True,False,True
L1,ENV-1,537173,0.42424242424242425,0.4368686868686869,0.012626262626262652,0.012626262626262652,0.42424242424242425,True,False,True
L2,ENV-1,537173,0.29292929292929293,0.2803030303030303,-0.012626262626262652,-0.012626262626262652,0.29292929292929293,True,True,False
L3,ENV-1,537173,0.43434343434343436,0.4267676767676768,-0.007575757575757569,-0.007575757575757569,0.43434343434343436,True,False,False
L4,ENV-1,537173,0.35353535353535354,0.3484848484848485,-0.0050505050505050275,-0.0050505050505050275,0.35353535353535354,True,False,False
L1,ENV-1,538839,0.18181818181818182,0.18686868686868685,0.0050505050505050275,0.0050505050505050275,0.18181818181818182,True,False,True
L2,ENV-1,538839,0.1414141414141414,0.13383838383838384,-0.007575757575757569,-0.007575757575757569,0.1414141414141414,True,False,False
L3,ENV-1,538839,0.1414141414141414,0.1414141414141414,0.0,0.0,0.1414141414141414,True,False,False
L4,ENV-1,538839,0.09090909090909091,0.1111111111111111,0.020202020202020193,0.020202020202020193,0.09090909090909091,True,False,True
L1,ENV-1,965182,0.13095238095238096,0.125,-0.005952380952380959,-0.005952380952380959,0.13095238095238096,True,False,False
L2,ENV-1,965182,0.15476190476190477,0.16666666666666666,0.01190476190476189,0.01190476190476189,0.15476190476190477,True,False,True
L3,ENV-1,965182,0.09523809523809523,0.09821428571428571,0.0029761904761904795,0.0029761904761904795,0.09523809523809523,True,False,True
L4,ENV-1,965182,0.14285714285714285,0.14285714285714285,0.0,0.0,0.14285714285714285,True,False,False
L1,ENV-2,124586,0.64125,0.6409374999999999,-0.00031250000000004885,-0.07,0.37875,True,True,False
L2,ENV-2,124586,0.50875,0.5225,0.013749999999999929,-0.05593750000000003,0.24625000000000002,True,True,False
L3,ENV-2,124586,0.60875,0.60875,0.0,-0.06968749999999996,0.34625,True,True,False
L4,ENV-2,124586,0.6775,0.6765625,-0.0009375000000000355,-0.070625,0.415,True,True,False
L1,ENV-2,223691,0.41625,0.4190625,0.0028124999999999956,-0.05906250000000002,0.15000000000000002,True,True,False
L2,ENV-2,223691,0.35,0.3446875,-0.005312499999999998,-0.06718750000000001,0.08374999999999999,True,True,False
L3,ENV-2,223691,0.3775,0.3859375,0.008437499999999987,-0.05343750000000003,0.11125000000000002,True,True,False
L4,ENV-2,223691,0.4425,0.44875,0.006249999999999978,-0.055625000000000036,0.17625000000000002,True,True,False
L1,ENV-2,537173,0.6375,0.6278124999999999,-0.009687500000000071,-0.0446875000000001,0.32874999999999993,True,True,False
L2,ENV-2,537173,0.8325,0.8346875,0.002187500000000009,-0.03281250000000002,0.5237499999999999,True,True,False
L3,ENV-2,537173,0.6175,0.624375,0.0068749999999999645,-0.028125000000000067,0.30875,True,True,False
L4,ENV-2,537173,0.62875,0.625,-0.003750000000000031,-0.03875000000000006,0.32,True,True,False
L1,ENV-2,538839,0.6275,0.628125,0.0006250000000000977,-0.024687499999999862,0.3212499999999999,True,True,False
L2,ENV-2,538839,0.37875,0.38312500000000005,0.004375000000000073,-0.020937499999999887,0.07249999999999995,True,True,False
L3,ENV-2,538839,0.6575,0.665,0.007500000000000062,-0.017812499999999898,0.35124999999999995,True,True,False
L4,ENV-2,538839,0.5875,0.6053124999999999,0.017812499999999898,-0.007500000000000062,0.28125,True,False,False
L1,ENV-2,965182,0.6075,0.61,0.0024999999999999467,-0.07812500000000006,0.35750000000000004,True,True,False
L2,ENV-2,965182,0.5925,0.5943750000000001,0.001875000000000071,-0.07874999999999993,0.3425,True,True,False
L3,ENV-2,965182,0.7175,0.7153125,-0.002187500000000009,-0.08281250000000001,0.4675,True,True,False
L4,ENV-2,965182,0.62875,0.626875,-0.001875000000000071,-0.08250000000000007,0.37875000000000003,True,True,False
L1,ENV-3,124586,0.20909090909090908,0.21818181818181817,0.009090909090909094,-0.00909090909090908,0.16363636363636364,True,False,False
L2,ENV-3,124586,0.09090909090909091,0.10454545454545454,0.013636363636363627,-0.004545454545454547,0.045454545454545456,True,False,False
L3,ENV-3,124586,0.20909090909090908,0.21590909090909088,0.006818181818181807,-0.011363636363636367,0.16363636363636364,True,True,False
L4,ENV-3,124586,0.20909090909090908,0.22045454545454546,0.011363636363636381,-0.006818181818181793,0.16363636363636364,True,False,False
L1,ENV-3,223691,0.2375,0.2265625,-0.010937499999999989,-0.026562499999999975,0.1875,True,True,False
L2,ENV-3,223691,0.11875,0.10625,-0.012499999999999997,-0.028124999999999983,0.06874999999999999,True,True,False
L3,ENV-3,223691,0.2375,0.22343749999999998,-0.014062500000000006,-0.02968749999999999,0.1875,True,True,False
L4,ENV-3,223691,0.2125,0.2234375,0.010937500000000017,-0.0046874999999999695,0.16249999999999998,True,False,False
L1,ENV-3,537173,0.18461538461538463,0.1980769230769231,0.01346153846153847,0.01346153846153847,0.13076923076923078,True,False,True
L2,ENV-3,537173,0.14615384615384616,0.15384615384615385,0.007692307692307693,0.007692307692307693,0.09230769230769231,True,False,True
L3,ENV-3,537173,0.18461538461538463,0.1980769230769231,0.01346153846153847,0.01346153846153847,0.13076923076923078,True,False,True
L4,ENV-3,537173,0.18461538461538463,0.1923076923076923,0.007692307692307665,0.007692307692307665,0.13076923076923078,True,False,True
L1,ENV-3,538839,0.2,0.20625,0.006249999999999978,0.012499999999999983,0.1,True,False,True
L2,ENV-3,538839,0.30833333333333335,0.2916666666666667,-0.016666666666666663,-0.010416666666666657,0.20833333333333334,True,True,False
L3,ENV-3,538839,0.2,0.20625,0.006249999999999978,0.012499999999999983,0.1,True,False,True
L4,ENV-3,538839,0.21666666666666667,0.20833333333333334,-0.008333333333333331,-0.002083333333333326,0.11666666666666667,True,False,False
L1,ENV-3,965182,0.2733333333333333,0.265,-0.008333333333333304,-0.044999999999999984,0.12,True,True,False
L2,ENV-3,965182,0.24,0.23666666666666666,-0.003333333333333327,-0.04000000000000001,0.08666666666666667,True,True,False
L3,ENV-3,965182,0.26,0.26,0.0,-0.03666666666666668,0.10666666666666669,True,True,False
L4,ENV-3,965182,0.28,0.28,0.0,-0.03666666666666668,0.1266666666666667,True,True,False
L1,ENV-4,124586,0.2777777777777778,0.26666666666666666,-0.011111111111111127,-0.013888888888888905,0.27222222222222225,True,True,False
L2,ENV-4,124586,0.2,0.20694444444444443,0.00694444444444442,0.004166666666666642,0.19444444444444445,True,False,True
L3,ENV-4,124586,0.2722222222222222,0.2708333333333333,-0.001388888888888884,-0.004166666666666661,0.26666666666666666,True,False,False
L4,ENV-4,124586,0.25,0.24722222222222223,-0.002777777777777768,-0.005555555555555545,0.24444444444444444,True,False,False
L1,ENV-4,223691,0.027777777777777776,0.03194444444444444,0.004166666666666666,0.004166666666666666,0.027777777777777776,True,False,True
L2,ENV-4,223691,0.07222222222222222,0.07777777777777778,0.005555555555555564,0.005555555555555564,0.07222222222222222,True,False,True
L3,ENV-4,223691,0.027777777777777776,0.03194444444444444,0.004166666666666666,0.004166666666666666,0.027777777777777776,True,False,True
L4,ENV-4,223691,0.044444444444444446,0.05,0.005555555555555557,0.005555555555555557,0.044444444444444446,True,False,True
L1,ENV-4,537173,0.08888888888888889,0.08472222222222221,-0.00416666666666668,-0.006944444444444456,0.07777777777777778,True,False,False
L2,ENV-4,537173,0.1,0.1013888888888889,0.0013888888888888978,-0.0013888888888888788,0.08888888888888889,True,False,False
L3,ENV-4,537173,0.08333333333333333,0.08472222222222221,0.001388888888888884,-0.0013888888888888926,0.07222222222222222,True,False,False
L4,ENV-4,537173,0.08888888888888889,0.1,0.011111111111111113,0.008333333333333337,0.07777777777777778,True,False,True
L1,ENV-4,538839,0.3333333333333333,0.30833333333333335,-0.024999999999999967,-0.02361111111111108,0.3111111111111111,True,True,False
L2,ENV-4,538839,0.05,0.044444444444444446,-0.005555555555555557,-0.004166666666666669,0.02777777777777778,True,False,False
L3,ENV-4,538839,0.3333333333333333,0.3138888888888889,-0.01944444444444443,-0.018055555555555543,0.3111111111111111,True,True,False
L4,ENV-4,538839,0.28888888888888886,0.2777777777777778,-0.011111111111111072,-0.009722222222222184,0.26666666666666666,True,False,False
L1,ENV-4,965182,0.14444444444444443,0.14583333333333331,0.001388888888888884,0.001388888888888884,0.12777777777777777,True,False,True
L2,ENV-4,965182,0.38333333333333336,0.37222222222222223,-0.011111111111111127,-0.011111111111111127,0.3666666666666667,True,True,False
L3,ENV-4,965182,0.1388888888888889,0.14444444444444443,0.005555555555555536,0.005555555555555536,0.12222222222222223,True,False,True
L4,ENV-4,965182,0.12777777777777777,0.13055555555555554,0.002777777777777768,0.002777777777777768,0.1111111111111111,True,False,True
